id,common_name,scientific_name,kingdom_group,category,subcategory,season,habitat,description,edibility,medicinal_uses,warning,conservation_status,image_search,image_url
curlew,Curlew,Numenius arquata,Birds,Resident and winter visitor,Wader,All year; winter flocks more visible,"Bog, wet grassland, estuaries, coastal mudflats",Large wader with long downcurved bill and haunting call.,N/A,N/A,Breeding birds are highly sensitive to disturbance,Major conservation concern in Ireland,Numenius arquata,
northern-lapwing,Lapwing,Vanellus vanellus,Birds,Resident and winter visitor,Wader,All year; winter flocks,"Wet grassland, farmland, estuaries, bog edges",Crested wader with tumbling display flight and peewit call.,N/A,N/A,Avoid disturbing breeding fields,Declining breeding species; winter visitor,Vanellus vanellus,
oystercatcher,Oystercatcher,Haematopus ostralegus,Birds,Resident and winter visitor,Wader,All year; coastal flocks winter,"Coasts, estuaries, beaches, some inland breeding areas",Black-and-white wader with bright orange bill and loud piping call.,N/A,N/A,Keep dogs away from feeding and nesting birds,Resident/wintering wader; habitat pressure,Haematopus ostralegus,
common-redshank,Redshank,Tringa totanus,Birds,Resident and winter visitor,Wader,All year,"Saltmarsh, estuaries, wet grassland, bog pools",Medium wader with red legs and ringing alarm call.,N/A,N/A,Keep distance from saltmarsh nesting areas,Local breeder and winter visitor,Tringa totanus,
common-snipe,Snipe,Gallinago gallinago,Birds,Resident and winter visitor,Wader,All year; drumming in breeding season,"Wet grassland, bogs, marshes, rushy fields",Secretive long-billed wader; males make drumming display flights.,N/A,N/A,Wetland drainage harms habitat,Resident/winter visitor; habitat concern,Gallinago gallinago,
barn-owl,Barn Owl,Tyto alba,Birds,Resident bird,Raptor / owl,All year; dusk/night,"Farmland, rough grassland, old buildings, barns",Pale heart-faced owl hunting silently over fields and verges.,N/A,N/A,Do not disturb roosts or nests; avoid rodenticide misuse,Resident; conservation concern; protected,Tyto alba,
common-blackbird,Blackbird,Turdus merula,Birds,Resident bird,Garden bird,All year,"Gardens, woodland, hedgerows, parks",Male black with yellow bill; female brown; rich fluting song.,N/A,N/A,Keep cats away from nests where possible,Common resident with winter migrants added,Turdus merula,
blue-tit,Blue Tit,Cyanistes caeruleus,Birds,Resident bird,Garden bird,All year,"Gardens, woodland, hedgerows","Small blue, yellow and white tit, frequent at feeders.",N/A,N/A,Clean feeders to reduce disease,Common resident,Cyanistes caeruleus,
bullfinch,Bullfinch,Pyrrhula pyrrhula,Birds,Resident bird,Finch,All year,"Woodland, orchards, hedgerows, gardens",Stocky finch with pink-red male breast and black cap.,N/A,N/A,Observe quietly; often shy.,Resident,Pyrrhula pyrrhula,
common-buzzard,Buzzard,Buteo buteo,Birds,Resident bird,Raptor,All year,"Woodland, farmland, uplands, road edges","Broad-winged raptor with mewing call, now widespread again in Ireland.",N/A,N/A,Observe from distance,Common and recovered resident,Buteo buteo,
chaffinch,Chaffinch,Fringilla coelebs,Birds,Resident bird,Finch,All year,"Woodland, hedgerows, gardens, farmland",Colourful male finch with bouncing flight and strong song.,N/A,N/A,Watch for trichomonosis at feeders; clean feeders,Common resident,Fringilla coelebs,
collared-dove,Collared Dove,Streptopelia decaocto,Birds,Resident bird,Pigeon / dove,All year,"Towns, gardens, farms",Pale dove with black neck collar and gentle cooing call.,N/A,N/A,Clean feeding areas,Common resident; comparatively recent colonist,Streptopelia decaocto,
great-cormorant,Cormorant,Phalacrocorax carbo,Birds,Resident bird,Seabird / waterbird,All year,"Coasts, lakes, estuaries, rivers",Large dark fish-eating bird often seen drying wings.,N/A,N/A,Observe roosts from distance,Resident and winter visitor,Phalacrocorax carbo,
dipper,Dipper,Cinclus cinclus hibernicus,Birds,Resident bird,River songbird,All year,Fast clean rivers and streams,"Dark bird with white bib, bobbing on rocks and walking underwater.",N/A,N/A,Clean rivers and undisturbed banks are vital.,Resident; water quality indicator,Cinclus cinclus hibernicus,
goldfinch,Goldfinch,Carduelis carduelis,Birds,Resident bird,Finch,All year,"Gardens, rough ground, thistles, hedgerows",Bright red-faced finch often feeding on seed heads.,N/A,N/A,Let seed heads remain for winter food,Common and widespread,Carduelis carduelis,
great-black-backed-gull,Great Black-backed Gull,Larus marinus,Birds,Resident bird,Gull,All year,"Coasts, islands, harbours, offshore",Very large gull with black back and powerful bill.,N/A,N/A,Observe colonies from distance.,Resident coastal species,Larus marinus,
great-crested-grebe,Great Crested Grebe,Podiceps cristatus,Birds,Resident bird,Waterbird,All year; display spring,"Lakes, reservoirs, slow waters",Elegant grebe with ornate head plumes and courtship dance.,N/A,N/A,Keep distance from floating nests.,Local resident,Podiceps cristatus,
great-tit,Great Tit,Parus major,Birds,Resident bird,Garden bird,All year,"Gardens, woodland, parks","Largest common tit, with black head and bold song.",N/A,N/A,Clean nest boxes and feeders responsibly,Common resident,Parus major,
greenfinch,Greenfinch,Chloris chloris,Birds,Resident bird,Finch,All year,"Gardens, hedgerows, parks, farmland","Green-yellow finch, once very common at feeders.",N/A,N/A,Clean feeders to reduce disease transmission.,Affected by trichomonosis; still widespread,Chloris chloris,
grey-heron,Grey Heron,Ardea cinerea,Birds,Resident bird,Waterbird,All year,"Rivers, lakes, estuaries, canals, wetlands",Tall grey wading bird standing motionless to catch fish and amphibians.,N/A,N/A,Give space around heronries,Common resident,Ardea cinerea,
grey-wagtail,Grey Wagtail,Motacilla cinerea,Birds,Resident bird,River bird,All year,"Streams, rivers, bridges, canals",Long-tailed grey and yellow wagtail often near flowing water.,N/A,N/A,Do not disturb bridge nests.,Resident,Motacilla cinerea,
herring-gull,Herring Gull,Larus argentatus,Birds,Resident bird,Gull,All year,"Coasts, towns, cliffs, harbours","Large pale gull with pink legs, common in coastal towns.",N/A,N/A,Do not feed; secure food waste.,Resident; urban nesting increasing in places,Larus argentatus,
hooded-crow,Hooded Crow,Corvus cornix,Birds,Resident bird,Corvid,All year,"Coasts, farmland, towns, uplands","Grey-and-black crow, common across Ireland.",N/A,N/A,Do not feed processed foods,Common resident,Corvus cornix,
house-sparrow,House Sparrow,Passer domesticus,Birds,Resident bird,Urban and farmland bird,All year,"Buildings, gardens, farms, hedges",Social brown and grey bird strongly associated with people.,N/A,N/A,Provide nest cavities and avoid removing hedges,Declined in many areas but still familiar,Passer domesticus,
jackdaw,Jackdaw,Coloeus monedula,Birds,Resident bird,Corvid,All year,"Towns, cliffs, farmland, chimneys, old buildings",Small black corvid with pale eye and sociable calls.,N/A,N/A,Check chimneys/nest sites legally and safely,Common resident,Coloeus monedula,
kestrel,Kestrel,Falco tinnunculus,Birds,Resident bird,Raptor,All year,"Farmland, motorway verges, cliffs, uplands",Small falcon often seen hovering while hunting.,N/A,N/A,Do not disturb nests,Resident; declining in places,Falco tinnunculus,
kingfisher,Kingfisher,Alcedo atthis,Birds,Resident bird,River bird,All year,"Rivers, canals, lakes, streams",Bright blue-orange bird darting low over water to catch fish.,N/A,N/A,Avoid disturbing nesting banks.,Protected resident,Alcedo atthis,
linnet,Linnet,Linaria cannabina,Birds,Resident bird,Finch,All year,"Gorse, farmland, dunes, hedgerows",Small finch of seed-rich rough ground; males show red breast in spring.,N/A,N/A,Leave seed-rich weeds and hedges.,Conservation concern in farmland landscapes,Linaria cannabina,
little-egret,Little Egret,Egretta garzetta,Birds,Resident bird,Waterbird,"All year, more coastal/wetland","Estuaries, marshes, rivers, coastal lagoons","Small white heron with black legs and yellow feet, now regular in Ireland.",N/A,N/A,Avoid disturbing feeding flocks,Increasing resident/regular visitor,Egretta garzetta,
little-grebe,Little Grebe,Tachybaptus ruficollis,Birds,Resident bird,Waterbird,All year,"Ponds, lakes, canals, reed-fringed water","Small diving bird with laughing trill call, often secretive in reeds.",N/A,N/A,Protect pond and reed margins.,Resident,Tachybaptus ruficollis,
long-eared-owl,Long-eared Owl,Asio otus,Birds,Resident bird,Owl,All year; nocturnal,"Woodland edge, conifers, farmland, hedgerows","Slim owl with ear tufts, often roosting quietly by day.",N/A,N/A,Do not disturb roosts/nests.,Resident but under-recorded,Asio otus,
magpie,Magpie,Pica pica,Birds,Resident bird,Corvid,All year,"Gardens, farmland, towns, woodland edge",Black-and-white intelligent corvid with long tail and chattering call.,N/A,N/A,Observe nesting behaviour without interference,Common resident,Pica pica,
mallard,Mallard,Anas platyrhynchos,Birds,Resident bird,Duck,All year,"Ponds, rivers, canals, lakes, wetlands",Familiar duck; males have green head and yellow bill.,N/A,N/A,Do not feed bread; use suitable grains sparingly,Common resident,Anas platyrhynchos,
meadow-pipit,Meadow Pipit,Anthus pratensis,Birds,Resident bird,Upland/farmland songbird,All year,"Bog, moorland, grassland, dunes","Small streaked bird of open country, important host for cuckoos.",N/A,N/A,Ground-nesting; keep dogs controlled in breeding season.,Widespread but habitat-sensitive,Anthus pratensis,
moorhen,Moorhen,Gallinula chloropus,Birds,Resident bird,Waterbird,All year,"Ponds, canals, rivers, marshes","Dark waterbird with red-yellow bill, flicking white undertail.",N/A,N/A,Do not feed bread; protect bankside vegetation.,Common resident,Gallinula chloropus,
mute-swan,Mute Swan,Cygnus olor,Birds,Resident bird,Swan,All year,"Lakes, canals, rivers, estuaries",Large white swan with orange bill and black knob.,N/A,N/A,Keep distance from nesting birds; do not feed bread,Common resident,Cygnus olor,
peregrine-falcon,Peregrine Falcon,Falco peregrinus,Birds,Resident bird,Raptor,All year,"Sea cliffs, mountains, quarries, cities","Powerful falcon, one of the fastest birds, hunting birds in flight.",N/A,N/A,Do not approach nests; protected,Protected resident,Falco peregrinus,
pied-wagtail,Pied Wagtail,Motacilla alba yarrellii,Birds,Resident bird,Urban/farmland bird,All year,"Towns, car parks, farms, lawns, rooftops",Black-white wagtail often walking and tail-bobbing on open ground.,N/A,N/A,Avoid disturbing roosts.,Common resident,Motacilla alba yarrellii,
reed-bunting,Reed Bunting,Emberiza schoeniclus,Birds,Resident bird,Wetland/farmland bird,All year,"Reedbeds, wet ditches, rough grassland, farmland margins",Small bunting; males have black head in breeding plumage.,N/A,N/A,Wetland edges and seed-rich margins are important.,"Resident, local",Emberiza schoeniclus,
european-robin,Robin,Erithacus rubecula,Birds,Resident bird,Garden bird,All year; sings winter and spring,"Gardens, woodland, hedgerows, parks","Familiar red-breasted bird, bold and musical, often close to gardeners.",N/A,N/A,Do not disturb nests,Common resident,Erithacus rubecula,
rook,Rook,Corvus frugilegus,Birds,Resident bird,Corvid,All year,"Farmland, rookeries, parks, towns",Social black corvid with bare greyish face around bill.,N/A,N/A,Rookeries can be noisy; avoid disturbance during breeding,Common resident,Corvus frugilegus,
skylark,Skylark,Alauda arvensis,Birds,Resident bird,Farmland/upland songbird,All year; song flight spring-summer,"Farmland, dunes, bog, upland grassland",Brown streaked bird singing high overhead in fluttering flight.,N/A,N/A,Ground-nesting; keep dogs on paths in breeding season,Declining in intensively managed landscapes,Alauda arvensis,
song-thrush,Song Thrush,Turdus philomelos,Birds,Resident bird,Songbird,All year,"Gardens, woodland, hedgerows, farmland",Speckled thrush known for repeated phrases in its song and snail anvils.,N/A,N/A,Avoid slug pellets that harm food chains,Resident; conservation concern in parts of range,Turdus philomelos,
sparrowhawk,Sparrowhawk,Accipiter nisus,Birds,Resident bird,Raptor,All year,"Woodland, gardens, hedgerows, parks",Small agile hawk hunting birds through trees and gardens.,N/A,N/A,Do not disturb nests; natural predator-prey behaviour.,Widespread resident raptor,Accipiter nisus,
starling,Starling,Sturnus vulgaris,Birds,Resident bird,Urban and farmland bird,All year; murmurations winter,"Towns, farms, gardens, coastal grassland","Glossy speckled bird, famous for winter murmurations.",N/A,N/A,Do not disturb roosts,Resident with winter migrants; declining in some areas,Sturnus vulgaris,
stonechat,Stonechat,Saxicola rubicola,Birds,Resident bird,Scrub/heath bird,All year,"Gorse, heath, coastal scrub, rough grassland",Small upright bird flicking wings and tail from gorse tops.,N/A,N/A,Protect scrub and rough grassland nesting habitat.,Resident; affected by hard winters,Saxicola rubicola,
tree-sparrow,Tree Sparrow,Passer montanus,Birds,Resident bird,Farmland bird,All year,"Farmland, hedgerows, nest boxes, old buildings",Small sparrow with chestnut cap and black cheek spot.,N/A,N/A,Protect nest sites and winter seed.,Scarce/local in Ireland,Passer montanus,
woodpigeon,Woodpigeon,Columba palumbus,Birds,Resident bird,Pigeon / dove,All year,"Woodland, gardens, farmland, parks",Large pigeon with white neck patch and clattering display flight.,N/A,N/A,Do not disturb nests,Common resident,Columba palumbus,
eurasian-wren,Wren,Troglodytes troglodytes,Birds,Resident bird,Garden and woodland bird,All year,"Hedgerows, woodland, gardens, stone walls",Tiny brown bird with loud song and cocked tail.,N/A,N/A,Do not cut hedges during nesting season,Very common resident,Troglodytes troglodytes,
yellowhammer,Yellowhammer,Emberiza citrinella,Birds,Resident bird,Farmland bunting,All year,"Tillage farmland, hedgerows, weedy margins",Bright yellow bunting with song often rendered as 'little bit of bread and no cheese'.,N/A,N/A,Needs winter seed and hedgerow nesting habitat.,Farmland conservation concern,Emberiza citrinella,
black-headed-gull,Black-headed Gull,Chroicocephalus ridibundus,Birds,Resident/winter visitor,Gull,All year,"Lakes, wetlands, farmland, towns, coasts",Small gull with chocolate-brown summer hood and red bill/legs.,N/A,N/A,Do not feed processed foods.,Resident and winter visitor,Chroicocephalus ridibundus,
coot,Coot,Fulica atra,Birds,Resident/winter visitor,Waterbird,All year,"Lakes, ponds, reservoirs, canals",Black waterbird with white bill and forehead shield.,N/A,N/A,Avoid disturbing nest platforms.,Resident/local,Fulica atra,
eider,Eider,Somateria mollissima,Birds,Resident/winter visitor,Sea duck,All year on some coasts,"Rocky coasts, islands, sheltered bays",Large sea duck; males black-and-white with greenish nape.,N/A,N/A,Do not disturb coastal nesting areas.,Local resident/wintering sea duck,Somateria mollissima,
hen-harrier,Hen Harrier,Circus cyaneus,Birds,Resident/winter visitor,Raptor,All year; winter roosts,"Uplands, bogs, young forestry, rough grassland",Elegant low-flying raptor with owl-like face; grey males and brown ringtails.,N/A,N/A,Do not disturb nests or winter roosts.,Conservation concern; protected,Circus cyaneus,
merlin,Merlin,Falco columbarius,Birds,Resident/winter visitor,Raptor,All year; more visible winter/coasts,"Uplands, bogs, coasts, open country",Tiny fast falcon hunting small birds over open ground.,N/A,N/A,Sensitive upland breeder; observe from distance.,Protected; local breeder and winter visitor,Falco columbarius,
red-breasted-merganser,Red-breasted Merganser,Mergus serrator,Birds,Resident/winter visitor,Sawbill duck,All year,"Sea loughs, estuaries, lakes, rivers",Fish-eating diving duck with spiky crest and slender red bill.,N/A,N/A,Avoid disturbance near nesting/wintering waters.,Resident and winter visitor,Mergus serrator,
ringed-plover,Ringed Plover,Charadrius hiaticula,Birds,Resident/winter visitor,Wader,All year,"Beaches, shingle, estuaries, machair","Small plover with black breast band, nesting on open beaches/shingle.",N/A,N/A,Beach nests are easily crushed; keep dogs controlled.,Local breeder and winter visitor,Charadrius hiaticula,
shelduck,Shelduck,Tadorna tadorna,Birds,Resident/winter visitor,Duck,All year,"Estuaries, mudflats, coastal lagoons",Large striking duck with chestnut band and red bill.,N/A,N/A,Keep dogs away from feeding flocks.,Resident/wintering waterbird,Tadorna tadorna,
siskin,Siskin,Spinus spinus,Birds,Resident/winter visitor,Finch,All year; winter flocks,"Conifer woods, alder, birch, gardens",Small yellow-green finch often feeding in alder or at nyjer seed.,N/A,N/A,Clean feeders responsibly.,Resident and winter visitor,Spinus spinus,
tufted-duck,Tufted Duck,Aythya fuligula,Birds,Resident/winter visitor,Duck,All year,"Lakes, reservoirs, canals, wetlands",Diving duck; male black-and-white with tufted head.,N/A,N/A,Avoid disturbance on wintering waters.,Resident and winter visitor,Aythya fuligula,
water-rail,Water Rail,Rallus aquaticus,Birds,Resident/winter visitor,Secretive wetland bird,All year; easier heard winter,"Reedbeds, marshes, dense wet vegetation",Secretive rail with piglet-like squealing call from reeds.,N/A,N/A,Do not enter reedbeds; observe from paths.,Under-recorded wetland bird,Rallus aquaticus,
atlantic-puffin,Atlantic Puffin,Fratercula arctica,Birds,Seabird,Summer breeder,Apr-Aug,"Offshore islands, sea cliffs",Colourful auk nesting in burrows on islands and cliffs.,N/A,N/A,Do not approach colonies; trampling burrows is dangerous.,Seabird of conservation concern,Fratercula arctica,
common-guillemot,Common Guillemot,Uria aalge,Birds,Seabird,Breeding seabird,Mar-Aug colonies; offshore winter,"Sea cliffs, offshore waters",Chocolate-brown and white auk nesting densely on cliff ledges.,N/A,N/A,Avoid cliff-edge disturbance.,Common breeding seabird,Uria aalge,
european-storm-petrel,European Storm-petrel,Hydrobates pelagicus,Birds,Seabird,Summer breeder/offshore,May-Sep,"Offshore waters, islands, rocky crevices","Tiny dark seabird fluttering over waves, breeding in hidden crevices.",N/A,N/A,Colonies extremely sensitive; avoid disturbance.,Protected breeding seabird,Hydrobates pelagicus,
fulmar,Fulmar,Fulmarus glacialis,Birds,Seabird,Breeding seabird,"All year, breeding spring-summer","Sea cliffs, offshore waters",Grey-white tube-nosed seabird gliding on stiff wings.,N/A,N/A,Do not approach nests; can spit foul oil defensively.,Breeding seabird,Fulmarus glacialis,
kittiwake,Kittiwake,Rissa tridactyla,Birds,Seabird,Breeding seabird,Mar-Aug colonies,"Sea cliffs, coastal towns, offshore waters",Small gull with black wingtips and distinctive kitti-wake call.,N/A,N/A,Avoid disturbing nesting ledges.,Conservation concern in many areas,Rissa tridactyla,
manx-shearwater,Manx Shearwater,Puffinus puffinus,Birds,Seabird,Summer breeder/offshore migrant,Mar-Sep,"Offshore waters, breeding islands",Long-winged seabird shearing low over waves; nests in burrows on islands.,N/A,N/A,Do not visit colonies without guidance; sensitive to rats and lights.,Important Irish breeding populations,Puffinus puffinus,
northern-gannet,Northern Gannet,Morus bassanus,Birds,Seabird,Breeding/summer visitor,Mar-Oct near colonies; offshore year-round,"Sea cliffs, offshore waters",Large white seabird diving spectacularly for fish.,N/A,N/A,View colonies from safe distance.,Breeding seabird; vulnerable to marine changes,Morus bassanus,
razorbill,Razorbill,Alca torda,Birds,Seabird,Breeding seabird,Mar-Aug colonies; offshore winter,Sea cliffs and offshore waters,Black-and-white auk with thick blunt bill and white bill line.,N/A,N/A,Keep distance from cliff colonies.,Breeding seabird,Alca torda,
shag,Shag,Gulosus aristotelis,Birds,Seabird,Resident bird,All year,"Rocky coasts, islands, harbours",Dark green-glossed cormorant relative with slender bill and crest in breeding season.,N/A,N/A,View roosts and colonies from distance.,Resident seabird,Gulosus aristotelis,
arctic-tern,Arctic Tern,Sterna paradisaea,Birds,Summer migrant,Seabird,May-Sep,"Coastal islands, beaches, lagoons",Elegant seabird making one of the longest migrations on Earth.,N/A,N/A,Avoid tern colonies; they are sensitive and defended fiercely,Summer breeding seabird; protected colonies,Sterna paradisaea,
common-sandpiper,Common Sandpiper,Actitis hypoleucos,Birds,Summer migrant,Wader,Apr-Sep,"Lakeshores, riverbanks, upland streams",Small bobbing wader flying low over water with stiff wingbeats.,N/A,N/A,Do not disturb nesting riverbanks.,Summer visitor,Actitis hypoleucos,
common-tern,Common Tern,Sterna hirundo,Birds,Summer migrant,Tern,Apr-Sep,"Coasts, lakes, islands, rivers",Elegant tern with red bill and buoyant flight.,N/A,N/A,Do not disturb colonies.,Summer breeder; protected colonies,Sterna hirundo,
common-cuckoo,Cuckoo,Cuculus canorus,Birds,Summer migrant,Migratory bird,Apr-Jul,"Bog, scrub, heath, woodland edge, farmland",Famous for its call; lays eggs in other birds’ nests.,N/A,N/A,Observe only; host species and habitats matter,Declining summer visitor,Cuculus canorus,
house-martin,House Martin,Delichon urbicum,Birds,Summer migrant,Migratory songbird,Apr-Sep,"Buildings, villages, towns, cliffs, open sky",Small blue-black and white bird building mud nests under eaves.,N/A,N/A,Avoid removing active nests; provide mud and nest cups,Summer visitor; declining in parts of range,Delichon urbicum,
little-tern,Little Tern,Sternula albifrons,Birds,Summer migrant,Tern,May-Aug,"Shingle beaches, sandy beaches, coastal spits",Tiny tern nesting on open shingle and sand.,N/A,N/A,Beach-nesting; keep dogs and people away from fenced colonies.,Conservation-dependent summer breeder,Sternula albifrons,
roseate-tern,Roseate Tern,Sterna dougallii,Birds,Summer migrant,Tern,May-Sep,Coastal islands and managed colonies,Rare pale tern with rosy flush and long tail streamers.,N/A,N/A,Colonies are highly protected; observe only from permitted areas.,Conservation priority breeding seabird,Sterna dougallii,
sand-martin,Sand Martin,Riparia riparia,Birds,Summer migrant,Migratory songbird,Mar-Sep,"Riverbanks, sand pits, lakes, quarries",Small brown-and-white hirundine nesting in sandy banks.,N/A,N/A,Do not disturb nesting banks,Summer visitor; dependent on suitable nesting banks,Riparia riparia,
sandwich-tern,Sandwich Tern,Thalasseus sandvicensis,Birds,Summer migrant,Tern,Apr-Sep,"Coastal lagoons, islands, estuaries",Large tern with black shaggy crest and yellow-tipped bill.,N/A,N/A,Avoid tern colonies; keep dogs away.,Summer breeding seabird,Thalasseus sandvicensis,
sedge-warbler,Sedge Warbler,Acrocephalus schoenobaenus,Birds,Summer migrant,Warbler,Apr-Sep,"Reedbeds, wet scrub, ditches, marshes",Energetic brown warbler singing from wet vegetation and reeds.,N/A,N/A,Protect reedbeds and ditch margins.,Summer visitor,Acrocephalus schoenobaenus,
swallow,Swallow,Hirundo rustica,Birds,Summer migrant,Migratory songbird,Apr-Sep,"Farms, villages, wires, open countryside",Long-tailed aerial insectivore returning from Africa for summer breeding.,N/A,N/A,Keep nest access where safe; insects are essential,Common summer visitor; migration dependent,Hirundo rustica,
swift,Swift,Apus apus,Birds,Summer migrant,Migratory aerial bird,May-Aug,"Towns, villages, high buildings, open sky","Scythe-winged bird screaming over rooftops, spending most life airborne.",N/A,N/A,Protect nest holes during renovations,Summer visitor; conservation concern,Apus apus,
wheatear,Wheatear,Oenanthe oenanthe,Birds,Summer migrant,Migratory songbird,Mar-Sep,"Coastal rocks, dunes, uplands, stone walls","Upright bird with white rump, breeding in open rocky country.",N/A,N/A,Do not disturb ground nests,Summer visitor,Oenanthe oenanthe,
willow-warbler,Willow Warbler,Phylloscopus trochilus,Birds,Summer migrant,Warbler,Apr-Sep,"Willow scrub, young woodland, bog edge, hedgerows","Small warbler with sweet descending song, migrating from Africa.",N/A,N/A,Scrub removal reduces habitat,Common summer visitor but changing distribution,Phylloscopus trochilus,
chiffchaff,Chiffchaff,Phylloscopus collybita,Birds,Summer migrant / increasing winterer,Warbler,Mar-Oct; some winter,"Woodland, scrub, gardens, hedgerows",Small olive-brown warbler named after its repetitive song.,N/A,N/A,Protect scrub and insect-rich habitat,Common summer visitor; some overwinter,Phylloscopus collybita,
blackcap,Blackcap,Sylvia atricapilla,Birds,Summer migrant / winter visitor,Warbler,Apr-Sep breeding; some winter,"Woodland, gardens, scrub, hedgerows","Melodious warbler; males have black cap, females brown cap.",N/A,N/A,Maintain shrubs and insect-rich gardens.,Common summer visitor; increasing winter records,Sylvia atricapilla,
bar-tailed-godwit,Bar-tailed Godwit,Limosa lapponica,Birds,Winter migrant,Wader,Sep-Apr,"Estuaries, mudflats, sandy shores",Long-billed wader wintering on Irish estuaries after Arctic breeding.,N/A,N/A,Protect estuary feeding and roosting sites.,Winter visitor of international importance at some sites,Limosa lapponica,
black-tailed-godwit,Black-tailed Godwit,Limosa limosa,Birds,Winter migrant,Wader,Jul-Apr,"Estuaries, callows, wetlands, lagoons","Elegant long-legged wader with straight bill, often in wetland flocks.",N/A,N/A,Avoid disturbing wetland flocks.,Winter visitor/passage migrant,Limosa limosa,
fieldfare,Fieldfare,Turdus pilaris,Birds,Winter migrant,Thrush,Oct-Mar,"Fields, hedgerows, orchards, berry trees","Large grey-headed winter thrush, often seen with redwings.",N/A,N/A,Protect hedgerow berries,Winter visitor,Turdus pilaris,
goldeneye,Goldeneye,Bucephala clangula,Birds,Winter migrant,Diving duck,Nov-Mar,"Lakes, reservoirs, sheltered coasts",Compact diving duck; males have white cheek spot and golden eye.,N/A,N/A,Winter flocks need undisturbed water.,Winter visitor,Bucephala clangula,
grey-plover,Grey Plover,Pluvialis squatarola,Birds,Winter migrant,Wader,Aug-Apr,"Estuaries, mudflats, coastal lagoons","Stocky winter wader, grey in winter, black-bellied in breeding plumage elsewhere.",N/A,N/A,Avoid disturbance at high tide roosts.,Winter visitor,Pluvialis squatarola,
knot,Knot,Calidris canutus,Birds,Winter migrant,Wader,Aug-Apr,"Estuaries, mudflats, sandy shores","Medium wader forming tight winter flocks, grey in winter, red in breeding plumage elsewhere.",N/A,N/A,Avoid disturbing high-tide roosts.,Winter visitor,Calidris canutus,
brent-goose,Light-bellied Brent Goose,Branta bernicla hrota,Birds,Winter migrant,Goose,Oct-Apr,"Estuaries, eelgrass beds, coastal grasslands",Small dark goose wintering in Ireland after breeding in Arctic Canada.,N/A,N/A,Keep dogs away from feeding flocks,Important winter visitor; internationally significant Irish sites,Branta bernicla hrota,
pintail,Pintail,Anas acuta,Birds,Winter migrant,Duck,Oct-Mar,"Estuaries, marshes, coastal lagoons",Elegant long-necked duck with pointed tail in males.,N/A,N/A,Sensitive to disturbance on wetlands.,Winter visitor,Anas acuta,
redwing,Redwing,Turdus iliacus,Birds,Winter migrant,Thrush,Oct-Mar,"Hedgerows, fields, gardens, berry trees","Small winter thrush with red underwing and pale eyebrow, often in flocks.",N/A,N/A,Leave berries and hedges for winter food,Winter visitor,Turdus iliacus,
turnstone,Turnstone,Arenaria interpres,Birds,Winter migrant,Wader,Aug-Apr; some summering,"Rocky shores, seaweed strandlines, piers",Stocky wader flipping stones and seaweed for food.,N/A,N/A,Give feeding birds space on shorelines.,Winter visitor,Arenaria interpres,
whooper-swan,Whooper Swan,Cygnus cygnus,Birds,Winter migrant,Swan,Oct-Apr,"Lakes, callows, wetlands, flooded fields","Large migratory swan from Iceland, with yellow-and-black bill.",N/A,N/A,View from distance; avoid disturbing flocks,Winter visitor; protected,Cygnus cygnus,
wigeon,Wigeon,Mareca penelope,Birds,Winter migrant,Duck,Sep-Apr,"Estuaries, coastal grassland, lakes, callows",Whistling duck wintering in large flocks on wetlands and grassland.,N/A,N/A,Do not disturb feeding flocks.,Common winter visitor,Mareca penelope,
dunlin,Dunlin,Calidris alpina,Birds,Winter visitor / scarce breeder,Wader,Mostly Aug-Apr; breeding scarce,"Estuaries, mudflats, coastal lagoons, bogs","Small wader with drooping bill, often in large winter flocks.",N/A,N/A,Keep dogs away from roosting/feeding flocks.,Important wintering species; breeding decline,Calidris alpina,
short-eared-owl,Short-eared Owl,Asio flammeus,Birds,Winter visitor / scarce breeder,Owl,Mostly winter,"Bog, marsh, rough grassland, coastal dunes","Day-flying owl of open ground, often seen hunting low over marshes.",N/A,N/A,Keep distance from roosting/hunting birds.,Scarce; winter visitor and occasional breeder,Asio flammeus,
golden-plover,Golden Plover,Pluvialis apricaria,Birds,Winter visitor / upland breeder,Wader,All year; winter flocks,"Bog, moorland, pasture, estuaries",Golden-spangled plover forming large winter flocks over fields and bogs.,N/A,N/A,Ground-nesting; avoid disturbing upland breeding sites.,Breeding and wintering species,Pluvialis apricaria,
teal,Teal,Anas crecca,Birds,Winter visitor/resident,Duck,Mostly Sep-Mar; some breed,"Wetlands, lakes, marshes, estuaries",Tiny duck; males show chestnut head with green eye patch.,N/A,N/A,Avoid flushing wintering ducks.,Common winter visitor,Anas crecca,
shoveler,Shoveler,Spatula clypeata,Birds,Winter visitor/resident breeder,Duck,"All year, more winter","Lakes, marshes, lagoons, turloughs",Duck with broad spatulate bill used for filter-feeding.,N/A,N/A,Protect shallow wetland feeding areas.,Local breeder and winter visitor,Spatula clypeata,
common-frog,Common Frog,Rana temporaria,Fauna,Amphibian,Frog,Spawn Jan-Mar; adults all year,"Ponds, damp grassland, bogs, gardens","Ireland’s familiar frog, often seen around ponds in spring.",N/A,N/A,Do not move spawn between ponds; disease risk,Protected native amphibian,Rana temporaria,
natterjack-toad,Natterjack Toad,Epidalea calamita,Fauna,Amphibian,Rare toad,Spring-summer breeding,"Coastal dunes and shallow pools, mainly Kerry","Ireland’s only native toad, with yellow stripe down the back and loud call.",N/A,N/A,Highly protected; do not disturb breeding pools.,"Rare and protected, mainly southwest",Epidalea calamita,
smooth-newt,Smooth Newt,Lissotriton vulgaris,Fauna,Amphibian,Newt,Spring breeding,"Ponds, wetlands, damp gardens, ditches","Ireland’s only native newt, breeding in ponds then living on land.",N/A,N/A,Do not collect; protect pond habitat,Protected; local distribution,Lissotriton vulgaris,
earthworm,Earthworm,Lumbricus terrestris,Fauna,Annelid,Soil invertebrate,All year; surface after rain,"Soil, lawns, gardens, fields",Large worm that aerates soil and recycles organic matter.,N/A,N/A,Avoid unnecessary pesticide/chemical use.,Vital soil organism,Lumbricus terrestris,
garden-spider,Garden Spider,Araneus diadematus,Fauna,Arachnid,Spider,Late summer-autumn most visible,"Gardens, hedgerows, woodland edges","Orb-weaving spider with pale cross markings, common in autumn gardens.",N/A,N/A,Harmless to observe; avoid destroying webs unnecessarily.,Common,Araneus diadematus,
raft-spider,Raft Spider,Dolomedes fimbriatus,Fauna,Arachnid,Wetland spider,Spring-autumn,"Bogs, fens, marshes, pond margins",Large spider that hunts on water surfaces and wet vegetation.,N/A,N/A,Wetlands are fragile; observe from paths.,Local wetland species,Dolomedes fimbriatus,
common-woodlouse,Common Woodlouse,Oniscus asellus,Fauna,Crustacean,Terrestrial isopod,All year,"Under logs, stones, leaf litter, gardens",Grey land crustacean helping break down dead plant material.,N/A,N/A,Return logs/stones as found.,Common decomposer,Oniscus asellus,
atlantic-mackerel,Atlantic Mackerel,Scomber scombrus,Fauna,Fish,Marine fish,Summer-autumn near shore,"Coastal waters, piers, bays, offshore shoals",Fast-swimming shoaling fish with blue-green striped back.,N/A,N/A,Follow sea-angling safety and local regulations.,Common seasonal coastal fish,Scomber scombrus,
atlantic-salmon,Atlantic Salmon,Salmo salar,Fauna,Fish,Migratory fish,Runs vary by river; spring-autumn,"Rivers, estuaries, Atlantic waters","Iconic migratory fish born in rivers, growing at sea, returning to spawn.",N/A,N/A,Fishing is regulated; follow local licences and seasons,Conservation concern in many rivers,Salmo salar,
basking-shark,Basking Shark,Cetorhinus maximus,Fauna,Fish,Large shark,Spring-summer sightings,"Coastal plankton-rich waters, west and south coasts",Huge gentle plankton-feeding shark often seen at the surface.,N/A,N/A,Protected in Irish waters; keep distance from boats and swimmers.,Protected species,Cetorhinus maximus,
brown-trout,Brown Trout,Salmo trutta,Fauna,Fish,Freshwater fish,All year; spawning autumn-winter,"Rivers, streams, lakes","Native salmonid with variable markings, prized by anglers and wildlife watchers.",N/A,N/A,Fishing seasons and licences apply,Widespread but dependent on clean water,Salmo trutta,
european-eel,European Eel,Anguilla anguilla,Fauna,Fish,Migratory fish,All year; migration seasonal,"Rivers, lakes, estuaries, coastal waters",Long-lived migratory fish with extraordinary oceanic life cycle.,N/A,N/A,Fishing is heavily regulated; conservation concern.,Critically endangered in Europe,Anguilla anguilla,
european-perch,European Perch,Perca fluviatilis,Fauna,Fish,Freshwater fish,All year,"Lakes, canals, slow rivers",Striped predatory fish with spiny dorsal fin.,N/A,N/A,Angling regulations apply.,Widespread freshwater fish,Perca fluviatilis,
flounder,Flounder,Platichthys flesus,Fauna,Fish,Estuarine fish,All year,"Estuaries, lower rivers, sandy coastal shallows",Flatfish that can move between salt and fresh water.,N/A,N/A,Fishing regulations and water quality apply.,Widespread around coasts/estuaries,Platichthys flesus,
northern-pike,Northern Pike,Esox lucius,Fauna,Fish,Freshwater predator,All year,"Lakes, slow rivers, canals, wetlands",Large predatory freshwater fish with long jaws and ambush hunting style.,N/A,N/A,Angling regulations apply; handle fish responsibly.,Widespread in freshwater systems,Esox lucius,
three-spined-stickleback,Three-spined Stickleback,Gasterosteus aculeatus,Fauna,Fish,Small fish,All year; breeding spring-summer,"Streams, ponds, ditches, estuaries",Tiny fish with spines; males build nests and guard young.,N/A,N/A,Do not move fish between waters.,Common in many waters,Gasterosteus aculeatus,
blue-tailed-damselfly,Blue-tailed Damselfly,Ischnura elegans,Fauna,Insect,Damselfly,May-Sep,"Ponds, canals, slow rivers, ditches",Slender damselfly with a bright blue segment near tail end.,N/A,N/A,Avoid damaging emergent vegetation.,Common near water,Ischnura elegans,
buff-tailed-bumblebee,Buff-tailed Bumblebee,Bombus terrestris,Fauna,Insect,Bee,Feb-Oct; queens early,"Gardens, farmland, parks, hedgerows","Large common bumblebee with buff tail, often one of the first bees seen in spring.",N/A,N/A,Avoid pesticides; provide flowers across seasons.,Common pollinator,Bombus terrestris,
cinnabar-moth,Cinnabar Moth,Tyria jacobaeae,Fauna,Insect,Moth,Adults May-Jul; caterpillars summer,Grassland and ragwort patches,Black-and-red moth; yellow-black caterpillars feed on ragwort.,N/A,N/A,Ragwort is toxic to livestock but important to this moth; manage carefully.,Common/local,Tyria jacobaeae,
common-blue-butterfly,Common Blue Butterfly,Polyommatus icarus,Fauna,Insect,Butterfly,May-Sep,"Grassland, dunes, road verges, trefoil-rich areas",Small blue butterfly linked with bird's-foot trefoil and other legumes.,N/A,N/A,Avoid mowing all wildflower areas at once.,Common where food plants occur,Polyommatus icarus,
common-darter,Common Darter,Sympetrum striolatum,Fauna,Insect,Dragonfly,Jul-Oct,"Ponds, lakes, ditches, wetlands",Small red/brown dragonfly often perching on paths and vegetation.,N/A,N/A,Protect pond margins.,Common dragonfly,Sympetrum striolatum,
common-wasp,Common Wasp,Vespula vulgaris,Fauna,Insect,Wasp,Spring-autumn,"Gardens, woodland, buildings, hedgerows","Social wasp, predatory on insects and attracted to sweet foods in late summer.",N/A,N/A,Stings; be careful around nests and allergic reactions.,Common native insect,Vespula vulgaris,
devil-s-coach-horse-beetle,Devil's Coach-horse Beetle,Ocypus olens,Fauna,Insect,Beetle,Mar-Oct,"Gardens, woodland, hedgerows, under stones",Large black beetle that raises its abdomen like a scorpion when threatened.,N/A,N/A,Can nip defensively; observe only.,Common,Ocypus olens,
emperor-dragonfly,Emperor Dragonfly,Anax imperator,Fauna,Insect,Dragonfly,Jun-Sep,"Ponds, lakes, canals, slow rivers",Large blue-green dragonfly patrolling ponds and lakes in summer.,N/A,N/A,Observe around water safely,Increasingly recorded in Ireland,Anax imperator,
garden-bumblebee,Garden Bumblebee,Bombus hortorum,Fauna,Insect,Bee,Spring-autumn,"Gardens, meadows, hedgerows","Long-tongued bumblebee with white tail, feeding on deep flowers.",N/A,N/A,Protect nesting sites and flower diversity.,Common/local pollinator,Bombus hortorum,
green-tiger-beetle,Green Tiger Beetle,Cicindela campestris,Fauna,Insect,Beetle,Apr-Sep,"Sandy paths, heath, dunes, open ground",Metallic green fast-running beetle hunting small insects on sunny bare ground.,N/A,N/A,Avoid trampling sensitive sandy/heath habitats.,Widespread/local,Cicindela campestris,
green-veined-white,Green-veined White,Pieris napi,Fauna,Insect,Butterfly,Apr-Sep,"Hedgerows, damp meadows, woodland rides",White butterfly with greenish veins on underside of wings.,N/A,N/A,Protect wild crucifer food plants.,Common butterfly,Pieris napi,
honey-bee,Honey Bee,Apis mellifera,Fauna,Insect,Bee,Spring-autumn,"Gardens, orchards, farmland, hives, wild flowers","Social bee kept in hives and also present in feral colonies, important in pollination.",N/A,N/A,Do not disturb swarms; contact a beekeeper if needed.,Managed and feral populations,Apis mellifera,
marsh-fritillary,Marsh Fritillary,Euphydryas aurinia,Fauna,Insect,Butterfly,May-Jun adults,"Wet grassland, fens, damp meadows, limestone grassland",Patterned orange-brown butterfly linked with devil's-bit scabious and species-rich grassland.,N/A,N/A,Fragile habitats; avoid trampling colonies,Protected under EU Habitats Directive; conservation priority,Euphydryas aurinia,
mayfly,Mayfly,Ephemera danica,Fauna,Insect,Aquatic insect,May-Jul adult emergence,"Clean rivers, lakes, streams",Large mayfly whose brief adult life is famous among anglers and river watchers.,N/A,N/A,Good water quality is essential.,Indicator of freshwater ecosystems,Ephemera danica,
orange-tip-butterfly,Orange-tip Butterfly,Anthocharis cardamines,Fauna,Insect,Butterfly,Apr-Jun,"Damp meadows, hedgerows, lanes, cuckooflower patches","Spring butterfly; males have orange wing tips, caterpillars use cuckooflower and garlic mustard.",N/A,N/A,Protect larval food plants.,Common spring butterfly,Anthocharis cardamines,
peacock-butterfly,Peacock Butterfly,Aglais io,Fauna,Insect,Butterfly,Mar-Oct; hibernates as adult,"Gardens, nettle patches, woodland edges",Colourful butterfly with eye-spots on its wings; caterpillars feed on nettles.,N/A,N/A,Do not remove caterpillar food plants unnecessarily,Widespread; benefits from nettles and nectar plants,Aglais io,
pond-skater,Pond Skater,Gerris lacustris,Fauna,Insect,Aquatic bug,Spring-autumn,"Ponds, slow streams, ditches",Long-legged insect skating on the water surface using surface tension.,N/A,N/A,Do not pollute ponds; observe gently.,Common freshwater invertebrate,Gerris lacustris,
red-admiral,Red Admiral,Vanessa atalanta,Fauna,Insect,Butterfly,Mostly summer-autumn; some overwinter,"Gardens, orchards, ivy, nettles, coasts","Large black-red butterfly, migratory and often seen on autumn fruit and ivy.",N/A,N/A,Leave nectar and fruit sources.,Common migrant/resident in mild years,Vanessa atalanta,
red-tailed-bumblebee,Red-tailed Bumblebee,Bombus lapidarius,Fauna,Insect,Bee,Spring-autumn,"Gardens, grassland, walls, farmland","Black bumblebee with red tail, often nesting in cavities or walls.",N/A,N/A,Avoid disturbing nests.,Common pollinator,Bombus lapidarius,
seven-spot-ladybird,Seven-spot Ladybird,Coccinella septempunctata,Fauna,Insect,Beetle,Spring-autumn; hibernates winter,"Gardens, hedgerows, grassland",Familiar red ladybird with seven black spots; eats aphids.,N/A,N/A,Do not use pesticides unnecessarily.,Common beneficial insect,Coccinella septempunctata,
six-spot-burnet,Six-spot Burnet,Zygaena filipendulae,Fauna,Insect,Day-flying moth,Jun-Aug,"Flowery grassland, dunes, road verges","Metallic black day-flying moth with six red spots, often on knapweed or thistles.",N/A,N/A,Protect species-rich grassland.,Common in suitable habitats,Zygaena filipendulae,
small-tortoiseshell,Small Tortoiseshell,Aglais urticae,Fauna,Insect,Butterfly,Mar-Oct; hibernates as adult,"Gardens, nettle patches, meadows",Colourful butterfly whose caterpillars feed on nettles.,N/A,N/A,Leave some nettles for caterpillars.,Common but variable,Aglais urticae,
water-boatman,Water Boatman,Corixa punctata,Fauna,Insect,Aquatic bug,All year,"Ponds, ditches, slow water",Small aquatic bug swimming with oar-like legs.,N/A,N/A,Return pond-dipping animals carefully.,Common freshwater invertebrate,Corixa punctata,
european-badger,Badger,Meles meles,Fauna,Mammal,Mustelid,All year; mostly nocturnal,"Woodland, hedgerows, farmland, scrub","Powerful nocturnal mammal with black-and-white striped face, living in setts.",N/A,N/A,Do not disturb setts; protected species,Widespread; protected,Meles meles,
bank-vole,Bank Vole,Myodes glareolus,Fauna,Mammal,Small rodent,All year,"Hedgerows, woodland, grassy banks",Small chestnut-brown vole established in parts of Ireland.,N/A,N/A,Observe only; wild rodents can carry disease.,Introduced but established,Myodes glareolus,
brown-rat,Brown Rat,Rattus norvegicus,Fauna,Mammal,Rodent,All year,"Farms, towns, waterways, sewers, coasts",Adaptable rodent often near human settlements and waterways.,N/A,N/A,Do not handle; disease risk; use humane/legal control if needed.,Widespread introduced species,Rattus norvegicus,
common-pipistrelle,Common Pipistrelle,Pipistrellus pipistrellus,Fauna,Mammal,Bat,Apr-Oct active; winter hibernation,"Hedgerows, gardens, rivers, buildings, woodland edge",Tiny bat often seen flickering around dusk feeding on insects.,N/A,N/A,All bats and roosts are protected; never disturb a roost,Protected resident bat,Pipistrellus pipistrellus,
daubenton-s-bat,Daubenton's Bat,Myotis daubentonii,Fauna,Mammal,Bat,Apr-Oct active,"Rivers, canals, lakes, bridges, trees",Bat that skims low over water catching insects with feet and tail membrane.,N/A,N/A,Avoid disturbing bridge/tree roosts.,Resident bat; waterway specialist,Myotis daubentonii,
fallow-deer,Fallow Deer,Dama dama,Fauna,Mammal,Deer,All year; rut autumn,"Parks, estates, woodland, farmland edges",Medium deer with spotted coat in summer and palmate antlers in males.,N/A,N/A,"Keep distance, especially during rut and near roads.",Introduced/managed species in many areas,Dama dama,
grey-squirrel,Grey Squirrel,Sciurus carolinensis,Fauna,Mammal,Introduced rodent,All year,"Parks, broadleaf woodland, gardens",Introduced squirrel that competes with red squirrels and can carry squirrelpox.,N/A,N/A,Do not feed; avoid supporting spread in red squirrel areas.,Invasive/non-native; widespread in many areas,Sciurus carolinensis,
hedgehog,Hedgehog,Erinaceus europaeus,Fauna,Mammal,Insectivore,Mar-Nov; hibernates winter,"Gardens, hedgerows, grassland, parks",Spiny nocturnal mammal that eats invertebrates and uses garden corridors.,N/A,N/A,Do not give milk; check before mowing/strimming or lighting bonfires,Widespread but declining in many places,Erinaceus europaeus,
irish-hare,Irish Hare,Lepus timidus hibernicus,Fauna,Mammal,Lagomorph,All year; boxing in spring,"Grassland, uplands, bogs, dunes, farmland","Ireland’s native hare, larger than a rabbit with long legs and black-tipped ears.",N/A,N/A,"Observe from distance, especially in breeding season",Native subspecies; protected under wildlife legislation,Lepus timidus hibernicus,
irish-stoat,Irish Stoat,Mustela erminea hibernica,Fauna,Mammal,Mustelid,All year,"Hedgerows, stone walls, farmland, woodland edge","Small swift predator, brown above and pale below, with black tail tip.",N/A,N/A,Do not trap or interfere,Native subspecies; protected,Mustela erminea hibernica,
leisler-s-bat,Leisler's Bat,Nyctalus leisleri,Fauna,Mammal,Bat,Apr-Oct active,"Towns, parks, woodland edges, open sky",Large Irish bat often flying high and early in the evening.,N/A,N/A,All bats and roosts are protected.,Widespread resident bat,Nyctalus leisleri,
lesser-horseshoe-bat,Lesser Horseshoe Bat,Rhinolophus hipposideros,Fauna,Mammal,Bat,Apr-Oct active; winter hibernation,"Old buildings, caves, woodland edge, west of Ireland","Small bat with horseshoe-shaped noseleaf, associated with traditional roosts.",N/A,N/A,All bats and roosts are protected; never disturb roosts.,Protected; Irish range mainly west/southwest,Rhinolophus hipposideros,
otter,Otter,Lutra lutra,Fauna,Mammal,Semi-aquatic mustelid,All year,"Rivers, lakes, coasts, wetlands",Sleek fish-eating mammal leaving spraints and slides near water.,N/A,N/A,Do not disturb holts; protected species,Protected; key indicator of healthy waterways,Lutra lutra,
pine-marten,Pine Marten,Martes martes,Fauna,Mammal,Mustelid,All year,"Woodland, scrub, rocky areas, old buildings","Agile native mammal with creamy bib, recovering in parts of Ireland.",N/A,N/A,Do not feed; secure poultry and bins if needed,Protected; recovery success story but still local,Martes martes,
pygmy-shrew,Pygmy Shrew,Sorex minutus,Fauna,Mammal,Small insectivore,All year,"Grassland, hedgerows, woodland, gardens","Tiny native shrew with pointed snout, feeding on insects and invertebrates.",N/A,N/A,Rarely seen; do not handle.,Native resident,Sorex minutus,
rabbit,Rabbit,Oryctolagus cuniculus,Fauna,Mammal,Lagomorph,All year,"Grassland, dunes, farmland, parks",Burrowing mammal with white tail flash; long naturalised in Ireland.,N/A,N/A,Do not handle wild rabbits; disease risk.,Widespread introduced/long-established species,Oryctolagus cuniculus,
red-deer,Red Deer,Cervus elaphus,Fauna,Mammal,Deer,All year; rut Sep-Nov,"Woodland, mountains, open moorland",Ireland’s largest land mammal; stags roar during the autumn rut.,N/A,N/A,"Keep distance, especially during rut and calving",Native populations mixed with introduced stock in some regions,Cervus elaphus,
red-fox,Red Fox,Vulpes vulpes,Fauna,Mammal,Carnivore,All year,"Farmland, woodland, towns, coastal areas",Adaptable wild canid with reddish coat and bushy tail; often active at dusk or night.,N/A,N/A,Do not feed or approach; can carry parasites,Widespread resident,Vulpes vulpes,
red-squirrel,Red Squirrel,Sciurus vulgaris,Fauna,Mammal,Rodent,All year,"Conifer and mixed woodland, parks","Native squirrel with tufted ears, threatened by grey squirrel competition and disease.",N/A,N/A,Observe quietly; do not feed processed foods,Native; locally recovering where pine martens reduce grey squirrels,Sciurus vulgaris,
sika-deer,Sika Deer,Cervus nippon,Fauna,Mammal,Deer,All year; rut autumn,"Woodland, uplands, plantations",Introduced deer that can hybridise with red deer in some areas.,N/A,N/A,Keep distance; deer collisions are road hazards.,Introduced; management concern in some regions,Cervus nippon,
soprano-pipistrelle,Soprano Pipistrelle,Pipistrellus pygmaeus,Fauna,Mammal,Bat,Apr-Oct active,"Wetlands, rivers, gardens, woodland edge",Tiny bat often linked with waterside insect-rich habitats.,N/A,N/A,Do not disturb roosts; protected.,Common resident bat,Pipistrellus pygmaeus,
wood-mouse,Wood Mouse,Apodemus sylvaticus,Fauna,Mammal,Small rodent,All year,"Woodland, hedgerows, gardens, fields",Large-eyed native mouse active at night and important prey for owls and mammals.,N/A,N/A,Avoid handling wild rodents.,Common resident,Apodemus sylvaticus,
blue-mussel,Blue Mussel,Mytilus edulis,Fauna,Marine invertebrate,Mollusc,All year,"Rocky shores, piers, mussel beds, estuaries",Dark bivalve forming dense beds on rocks and ropes.,"Edible only from safe, legal, monitored waters",Traditional seafood; not medicine,Shellfish poisoning risk; never gather from unmonitored waters.,Common and ecologically important,Mytilus edulis,
common-periwinkle,Common Periwinkle,Littorina littorea,Fauna,Marine invertebrate,Mollusc,All year,Rocky shores and seaweed-covered rocks,Small edible sea snail grazing algae on the shore.,"Edible only from safe, legal shores",Traditional coastal food; not medicine,Shellfish/shore gathering safety applies.,Common rocky shore species,Littorina littorea,
common-shore-crab,Common Shore Crab,Carcinus maenas,Fauna,Marine invertebrate,Crab,All year,"Rock pools, estuaries, sheltered shores",Common green-brown crab found under stones and in rock pools.,N/A,N/A,Return rock-pool animals carefully; watch fingers.,Common shore species,Carcinus maenas,
edible-crab,Edible Crab,Cancer pagurus,Fauna,Marine invertebrate,Crab,All year,"Rocky seabed, lower shore, coastal waters","Large brown crab with pie-crust shell edge, common around Irish coasts.",N/A,N/A,Shellfish gathering has regulations and food-safety risks.,Common marine species,Cancer pagurus,
lion-s-mane-jellyfish,Lion's Mane Jellyfish,Cyanea capillata,Fauna,Marine invertebrate,Jellyfish,Summer-autumn,"Coastal waters, beaches, bays",Large jellyfish with long trailing tentacles and painful sting.,N/A,N/A,"Do not touch, even stranded; stings can be painful.",Regular marine species,Cyanea capillata,
bottlenose-dolphin,Bottlenose Dolphin,Tursiops truncatus,Fauna,Marine mammal,Dolphin,"All year on west coast, variable elsewhere","Coastal waters, bays, estuaries, offshore waters","Powerful social dolphin seen from headlands and boats, especially along western coasts.",N/A,N/A,Follow wildlife-watching codes; do not chase by boat,Protected marine mammal,Tursiops truncatus,
common-seal,Common Seal,Phoca vitulina,Fauna,Marine mammal,Seal,All year; pups summer,"Sheltered bays, estuaries, sandbanks",Smaller rounded-headed seal often seen in estuaries and sheltered coasts.,N/A,N/A,View from distance; do not disturb haul-outs,Protected marine mammal,Phoca vitulina,
grey-seal,Grey Seal,Halichoerus grypus,Fauna,Marine mammal,Seal,All year; pups autumn,"Rocky coasts, islands, sandbanks","Large seal with long muzzle, often hauled out on rocks or beaches.",N/A,N/A,Keep dogs away and never approach pups,Protected marine mammal,Halichoerus grypus,
harbour-porpoise,Harbour Porpoise,Phocoena phocoena,Fauna,Marine mammal,Porpoise,All year,"Coastal waters, bays, headlands","Small shy cetacean, often seen as a brief rolling fin at sea.",N/A,N/A,Observe from distance; follow marine wildlife codes.,Protected marine mammal,Phocoena phocoena,
minke-whale,Minke Whale,Balaenoptera acutorostrata,Fauna,Marine mammal,Whale,Mostly summer-autumn sightings,"Atlantic coastal waters, offshore",Small baleen whale sometimes seen from Irish headlands and boats.,N/A,N/A,Do not approach closely by boat.,Protected marine mammal,Balaenoptera acutorostrata,
leatherback-turtle,Leatherback Turtle,Dermochelys coriacea,Fauna,Marine reptile,Sea turtle,Summer-autumn rare sightings,Offshore and coastal waters with jellyfish,Large oceanic turtle occasionally recorded in Irish waters.,N/A,N/A,Report sightings; do not interfere.,Protected; occasional visitor,Dermochelys coriacea,
garden-snail,Garden Snail,Cornu aspersum,Fauna,Mollusc,Land snail,"Spring-autumn, damp weather","Gardens, walls, hedgerows",Common brown garden snail active in damp weather.,N/A,N/A,Wash hands after handling; can carry parasites.,Common introduced/established species,Cornu aspersum,
kerry-slug,Kerry Slug,Geomalacus maculosus,Fauna,Mollusc,Protected slug,Mild wet weather,"Atlantic oakwoods, sandstone rocks, west/southwest Ireland",Spotted slug associated with humid Atlantic habitats and old woodland.,N/A,N/A,Protected; do not disturb or collect.,Protected species of international importance,Geomalacus maculosus,
common-lizard,Common Lizard,Zootoca vivipara,Fauna,Reptile,Lizard,Mar-Oct on warm days,"Bog, heath, dunes, stone walls, grassland","Ireland’s only native reptile, basking on sunny banks and logs.",N/A,N/A,Observe only; do not handle,Native and protected,Zootoca vivipara,
bog-asphodel,Bog Asphodel,Narthecium ossifragum,Flora,Bog plant,Bog wildflower,Jun-Aug,"Bogs, wet heaths, acidic moorland","Yellow starry bog flower, often turning orange later in season.",Not edible,No home medicinal use,Can be associated with livestock photosensitisation; do not ingest.,Common bog/heath plant,Narthecium ossifragum,
common-cottongrass,Common Cottongrass,Eriophorum angustifolium,Flora,Bog plant,Bog sedge,May-Jul,"Bogs, wet heaths, acidic flushes",White cottony seed heads waving over bog pools and wet ground.,Not edible,No home medicinal use,Bog surfaces can be dangerous; avoid damaging peatlands.,Common bog species,Eriophorum angustifolium,
round-leaved-sundew,Round-leaved Sundew,Drosera rotundifolia,Flora,Bog plant,Carnivorous plant,Jun-Aug,"Bogs, wet heaths, sphagnum lawns",Tiny carnivorous plant with sticky red-tipped leaves that trap insects.,Not edible,Historic cough remedy; not medical advice,Do not pick; grows in fragile bog habitat.,Native bog specialist,Drosera rotundifolia,
sphagnum-moss,Sphagnum Moss,Sphagnum spp.,Flora,Bog plant,Moss,All year,"Raised bogs, blanket bogs, wet heath",A bog-building moss that holds water and helps form peatlands.,Not edible,Historically used as absorbent dressing material; not medical advice,Bog habitats are fragile; do not remove from protected sites,Vital peatland species; bog conservation priority,Sphagnum,
bog-myrtle,Bog Myrtle,Myrica gale,Flora,Bog shrub,Wetland aromatic shrub,Apr-Sep,"Bogs, wet heaths, lake margins","Aromatic shrub of wet acidic habitats, with resinous leaves.",Not a regular edible; caution,Traditional insect-repellent and flavouring uses; not medical advice,Avoid use during pregnancy or without expert knowledge,Local; associated with wetland habitats,Myrica gale,
butterwort,Butterwort,Pinguicula vulgaris,Flora,Bog/wetland plant,Carnivorous plant,May-Jul,"Wet heaths, flushes, bogs, damp rocks",Small carnivorous plant with greasy leaves and violet flowers.,Not edible,Traditional milk-curdling folklore; not medical advice,Do not pick; sensitive wetland habitats.,Local native species,Pinguicula vulgaris,
honeysuckle,Honeysuckle,Lonicera periclymenum,Flora,Climber,Native woodland climber,Jun-Sep,"Hedgerows, woodland, scrub","Sweet-scented twining climber, important for moths and woodland insects.",Berries not edible,Traditional external/folklore uses; not medical advice,Berries can be toxic; do not eat.,Native; valuable nectar plant,Lonicera periclymenum,
ivy,Ivy,Hedera helix,Flora,Climber,Evergreen climber,Flowers Sep-Nov; berries winter,"Trees, walls, woodland, hedgerows",Evergreen climber with late flowers that feed insects and winter berries for birds.,Not edible; berries toxic,"Traditional external uses existed, but not recommended",Berries and leaves can be harmful if eaten; sap may irritate skin,Common; important late nectar source,Hedera helix,
marram-grass,Marram Grass,Ammophila arenaria,Flora,Coastal grass,Dune stabiliser,All year,"Sand dunes, beaches","Tough grass that traps sand and builds dunes, crucial for coastal protection.",Not edible,No home medicinal use,Dunes are fragile; keep to paths where signed.,Common and important dune species,Ammophila arenaria,
rock-samphire,Rock Samphire,Crithmum maritimum,Flora,Coastal plant,Wild edible coastal herb,May-Oct,"Sea cliffs, rocks, coastal walls",Fleshy aromatic coastal plant with yellow-green flower umbels.,Edible with caution when confidently identified,Traditional pickle plant; not medical advice,Do not confuse with unrelated plants; cliffs are dangerous; respect protected sites,Local coastal plant,Crithmum maritimum,
sea-beet,Sea Beet,Beta vulgaris subsp. maritima,Flora,Coastal plant,Wild edible coastal green,Apr-Oct,"Coastal shingle, sea walls, strandlines",Wild relative of beetroot and chard with glossy leaves.,Edible when confidently identified and legally gathered,Culinary green; not medicine,Coastal pollution risk; forage sparingly,Local around coasts,Beta vulgaris subsp. maritima,
sea-holly,Sea Holly,Eryngium maritimum,Flora,Coastal plant,Dune plant,Jun-Sep,Sand dunes and shingle beaches,Blue-green spiny coastal plant with metallic-looking flower heads.,Not for casual eating,Historic candied root use; not medical advice,Often scarce and vulnerable; do not pick.,Local coastal species,Eryngium maritimum,
thrift-sea-pink,Thrift / Sea Pink,Armeria maritima,Flora,Coastal plant,Coastal wildflower,Apr-Aug,"Sea cliffs, coastal grassland, saltmarsh edges",Pink cushion-forming flower brightening Irish sea cliffs and coastal rocks.,Not a food plant,No home medicinal use,Coastal cliff habitats can be dangerous; do not pick in protected sites.,Common coastal species,Armeria maritima,
yellow-horned-poppy,Yellow Horned-poppy,Glaucium flavum,Flora,Coastal plant,Shingle plant,Jun-Sep,Shingle beaches and coastal strandlines,Grey-green coastal plant with large yellow poppy flowers and long seed pods.,Poisonous; not edible,No safe home medicinal use,Contains toxic alkaloids; avoid ingestion.,Local coastal plant,Glaucium flavum,
heather,Heather / Ling,Calluna vulgaris,Flora,Heathland plant,Upland shrub,Jul-Sep,"Bog, heath, moorland, acidic soils",Low purple-flowering shrub shaping the colour of Irish uplands and bog edges.,Not generally eaten; honey plant,Traditional use in heather tea and bedding; not medical advice,Avoid medicinal use without guidance,Common in uplands; dependent on healthy heath/bog management,Calluna vulgaris,
giant-hogweed,Giant Hogweed,Heracleum mantegazzianum,Flora,Invasive plant,Hazardous umbellifer,Jun-Aug,"Riverbanks, waste ground, damp disturbed soil",Very tall invasive plant with huge leaves and white umbels.,Not edible; hazardous,No medicinal use,Sap can cause severe burns in sunlight; avoid contact and report/control appropriately.,Invasive non-native species,Heracleum mantegazzianum,
hemlock,Hemlock,Conium maculatum,Flora,Poisonous plant,Deadly umbellifer,Jun-Aug,"Damp ground, riverbanks, waste ground, roadsides",Tall white umbellifer with purple-blotched stems and unpleasant smell.,Deadly poisonous; not edible,No safe medicinal use,Highly poisonous; avoid touching/ingesting; dangerous confusion risk.,Local but widespread,Conium maculatum,
bladderwrack,Bladderwrack,Fucus vesiculosus,Flora,Seaweed,Brown seaweed,All year,"Rocky shores, intertidal zone","Brown seaweed with paired air bladders, common on Irish rocky shores.",Edible/usable with expert guidance; iodine caution,Traditional seaweed use; not medical advice,"High iodine; avoid medicinal use, thyroid issues, polluted shores.",Common intertidal seaweed,Fucus vesiculosus,
carrageen-moss,Carrageen Moss,Chondrus crispus,Flora,Seaweed,Red seaweed,All year,"Rocky shores, lower intertidal",Small red seaweed used traditionally to set puddings and drinks.,Edible when correctly identified and properly prepared,Traditional soothing drink ingredient; not medical advice,Avoid polluted shores; iodine/mineral caution.,Common in suitable shore habitats,Chondrus crispus,
dulse,Dulse,Palmaria palmata,Flora,Seaweed,Red seaweed,All year,"Rocky shores, lower intertidal, Atlantic coasts",Red edible seaweed traditionally gathered in parts of Ireland.,Edible when correctly identified and legally gathered,Traditional food; mineral-rich; not medicine,"Check water quality, legal harvesting rules and iodine/salt intake.",Common on suitable coasts,Palmaria palmata,
kelp,Kelp,Laminaria digitata,Flora,Seaweed,Brown seaweed,All year,"Lower rocky shore, Atlantic coasts",Large brown seaweed forming underwater forests and shoreline wrack.,Edible/usable with expert guidance; iodine caution,Traditional food/fertiliser use; not medical advice,Very high iodine; avoid medicinal use and unsafe shores.,Common on exposed rocky coasts,Laminaria digitata,
broom,Broom,Cytisus scoparius,Flora,Shrub,Native/long-established shrub,Apr-Jun,"Heath, scrub, roadsides, sandy acidic soils",Green-stemmed shrub with bright yellow pea-flowers.,Not edible; toxic compounds present,Historic medicinal use but unsafe for self-treatment,"Contains alkaloids; avoid ingestion, especially pregnancy or heart issues.",Common in suitable acidic habitats,Cytisus scoparius,
cross-leaved-heath,Cross-leaved Heath,Erica tetralix,Flora,Shrub,Bog/heath plant,Jun-Sep,"Wet heath, bogs, acidic moorland",Pink bell-flowered heather of wet bog and heath habitats.,Not edible,No home medicinal use recommended,Bog habitats are fragile; avoid trampling and picking.,Common in suitable wet acidic habitats,Erica tetralix,
dog-rose,Dog Rose,Rosa canina,Flora,Shrub,Native hedgerow rose,Flowers Jun-Jul; hips autumn,"Hedgerows, scrub, woodland edges",Climbing native rose with pale pink flowers and red hips.,Hips edible when prepared; remove irritating hairs,Traditional rosehip syrup; not medical advice,Hairs inside hips irritate mouth and gut; avoid sprayed areas.,Common native hedgerow shrub,Rosa canina,
gorse,Gorse / Furze,Ulex europaeus,Flora,Shrub,Heath and hedgerow shrub,"Flowers mainly Jan-Jun, often all year","Heaths, commons, hedgebanks, coastal scrub",A spiny evergreen shrub with coconut-scented yellow flowers.,Flowers sometimes used as flavouring; not a staple food,Mostly folklore and flavouring rather than medicine,Sharp spines; seeds not for eating,Common; supports nesting birds and insects,Ulex europaeus,
guelder-rose,Guelder Rose,Viburnum opulus,Flora,Shrub,Native wet woodland shrub,Flowers May-Jul; berries autumn,"Wet woodland, hedges, riverbanks, fens","White lacecap flowers followed by red berries, attractive in damp hedges.",Berries not eaten raw; caution,Traditional bark uses in herbalism; not medical advice,Raw berries can cause stomach upset; avoid medicinal use.,Native; valuable for insects and birds,Viburnum opulus,
juniper,Juniper,Juniperus communis,Flora,Shrub,Native conifer shrub,All year; berries ripen slowly,"Limestone pavement, heaths, uplands, dunes",Spiny evergreen shrub with blue-black berry-like cones.,Berries used as spice in tiny amounts; caution,Traditional flavouring; not medical advice,Avoid during pregnancy/kidney problems; never use medicinally without advice.,Native but local and declining in places,Juniperus communis,
spindle,Spindle,Euonymus europaeus,Flora,Shrub,Native hedgerow shrub,Flowers May-Jun; berries autumn,"Hedgerows, scrub, limestone woodland edge",Shrub with striking pink-orange autumn fruits and vivid autumn colour.,Poisonous; not edible,No safe home medicinal use,Fruits and plant parts are toxic if eaten.,Native but local; good hedgerow diversity species,Euonymus europaeus,
alder,Alder,Alnus glutinosa,Flora,Tree,Native wet woodland tree,All year; catkins late winter-spring,"Riverbanks, lake margins, wet woodland, carr","Native waterside tree with cones and nitrogen-fixing roots, stabilising riverbanks.",Not edible,Traditional dye and timber uses; not medical advice,Avoid cutting riverside trees without permission.,Native; valuable riparian habitat tree,Alnus glutinosa,
ash,Ash,Fraxinus excelsior,Flora,Tree,Native tree,All year,"Hedgerows, limestone woods, farms, river valleys","Tall native tree with black buds and winged keys, once widespread in Irish hedgerows.",Not edible,Traditional timber tree rather than medicinal plant,Ash dieback affects many trees; avoid moving infected material.,Native; severely affected by ash dieback disease,Fraxinus excelsior,
aspen,Aspen,Populus tremula,Flora,Tree,Native tree,All year,"Wet woodland, uplands, river valleys, lake edges",Tree with trembling leaves that flutter in light wind; often spreads by suckers.,Not edible,Traditional bark uses; not medical advice,Avoid damaging small clonal stands.,Native but local,Populus tremula,
crab-apple,Crab Apple,Malus sylvestris,Flora,Tree,Native fruit tree,Flowers Apr-May; fruit Sep-Oct,"Old hedgerows, woodland edge, scrub",Small native apple with tart fruits and blossom valuable to pollinators.,Fruit edible when prepared; very sharp raw,Traditional jelly and preserves; not medicine,Avoid roadside/sprayed fruit; confirm identity.,Native but often hybridises with domestic apple,Malus sylvestris,
downy-birch,Downy Birch,Betula pubescens,Flora,Tree,Native wetland tree,All year,"Bog edges, wet woodland, uplands, damp acidic soils",A native birch better suited to wet and upland conditions than silver birch.,Sap sometimes tapped traditionally; caution,Traditional sap uses; not medical advice,Do not damage trees or protected bog-edge habitats.,Native; important in wet woodland,Betula pubescens,
pedunculate-oak,Pedunculate Oak,Quercus robur,Flora,Tree,Native lowland tree,All year; acorns autumn,"Lowland woodland, hedgerows, parkland, river valleys","A broad native oak with acorns on stalks, one of Ireland’s most wildlife-rich trees.",Acorns not eaten raw; expert processing required,Traditional bark uses; not medical advice,Avoid damaging veteran trees.,"Native; important for insects, fungi and birds",Quercus robur,
scots-pine,Scots Pine,Pinus sylvestris,Flora,Tree,Native conifer,All year,"Woodland, plantations, bog margins, uplands",Tall pine with orange bark high on the trunk; native Irish genetic lineages are of conservation interest.,Not a normal food plant,Pine resin and needles have traditional uses; not medical advice,Do not ingest or use medicinally without expertise.,Native status complex; important conifer habitat,Pinus sylvestris,
sessile-oak,Sessile Oak,Quercus petraea,Flora,Tree,Native woodland tree,All year; acorns autumn,"Old woodland, upland woods, demesnes, hedgerows","A native oak forming important Irish Atlantic oakwoods and supporting huge numbers of insects, lichens and birds.",Acorns not eaten raw; expert processing required,Traditional tannin-rich bark use; not medical advice,Do not strip bark or remove from protected woodland.,Native; key woodland biodiversity tree,Quercus petraea,
silver-birch,Silver Birch,Betula pendula,Flora,Tree,Native pioneer tree,All year,"Light woodland, heaths, bog edges, gardens","Graceful birch with pale bark, catkins and light foliage, often colonising open ground.",Sap sometimes tapped traditionally; caution,Traditional sap and bark uses; not medical advice,Do not wound trees without permission or expertise.,Native; valuable early successional tree,Betula pendula,
wild-cherry,Wild Cherry,Prunus avium,Flora,Tree,Native flowering tree,Flowers Apr-May; fruit summer,"Woodland edges, hedgerows, old demesnes",Spring blossom tree producing cherries loved by birds.,Fruit edible if ripe; stones and leaves not eaten,Traditional food tree; not medicine,"Cherry stones, leaves and wilted foliage can be harmful.",Native/local; valuable blossom and bird food,Prunus avium,
wych-elm,Wych Elm,Ulmus glabra,Flora,Tree,Native tree,All year; flowers early spring,"Woodland, ravines, hedgerows, limestone areas","Broad-leaved elm species, often surviving as younger trees due to Dutch elm disease.",Not edible,No home medicinal use recommended,Dutch elm disease has affected mature trees.,Native but mature trees reduced by disease,Ulmus glabra,
yew,Yew,Taxus baccata,Flora,Tree,Evergreen poisonous tree,All year; red arils in autumn,"Churchyards, old woods, estates, limestone areas",Long-lived evergreen tree often found in old churchyards and ancient sites.,"Poisonous; not edible except fleshy aril is technically edible but seed is highly toxic, so avoid entirely","Important in pharmaceutical history, but not for home use",Seeds and foliage can be deadly to humans and animals,Native; some ancient trees are culturally significant,Taxus baccata,
blackthorn,Blackthorn,Prunus spinosa,Flora,Tree / Shrub,Hedgerow shrub,Flowers Mar-Apr; sloes Sep-Nov,"Hedgerows, scrub, woodland edge",Early white blossom before leaves; produces blue-black sloes.,Sloes not eaten raw; used in preserves or sloe gin after preparation,Traditional food use; not medicine,Sharp thorns can cause deep punctures; avoid raw fruit in quantity,Common hedgerow species,Prunus spinosa,
elder,Elder,Sambucus nigra,Flora,Tree / Shrub,Hedgerow tree,Flowers Jun-Jul; berries Aug-Sep,"Hedgerows, roadsides, woodland edges, gardens",Creamy flowerheads and dark berries; strongly associated with hedgerows and old farm places.,Flowers edible when prepared; cooked berries used; raw parts unsafe,Traditional elderflower drinks and syrups; not medical advice,"Leaves, bark, stems and raw berries can cause illness",Common; valuable for insects and birds,Sambucus nigra,
hawthorn,Hawthorn,Crataegus monogyna,Flora,Tree / Shrub,Hedgerow tree,Flowers May; berries Sep-Nov,"Hedgerows, field edges, scrub, woodland edge","A thorny hedgerow tree with white blossom and red haws, central to Irish field boundaries.",Berries edible when prepared; leaves historically nibbled in spring,Traditional heart associations in herbalism; not medical advice,Seeds contain compounds best avoided; do not self-treat heart conditions,Common; excellent for birds and pollinators,Crataegus monogyna,
hazel,Hazel,Corylus avellana,Flora,Tree / Shrub,Native woodland shrub,Catkins Jan-Mar; nuts Aug-Sep,"Woodland understorey, hedgerows, limestone pavement",Multi-stemmed native shrub producing catkins and hazelnuts; supports dormice elsewhere and many insects.,Nuts edible if ripe and uncontaminated,Traditional food plant; not medicine,Nut allergy risk; only gather where legal and safe.,Native; important coppice and hedgerow species,Corylus avellana,
holly,Holly,Ilex aquifolium,Flora,Tree / Shrub,Evergreen native tree,Flowers May-Jun; berries autumn-winter,"Woodland, hedgerows, gardens","Glossy evergreen leaves and red berries, iconic in winter landscapes.",Berries toxic; not edible,Folklore and seasonal use; not medicine,Berries can cause vomiting; prickly leaves,Native; valuable bird cover and winter food,Ilex aquifolium,
rowan,Rowan / Mountain Ash,Sorbus aucuparia,Flora,Tree / Shrub,Native tree,Flowers May-Jun; berries Aug-Oct,"Upland woods, hedgerows, gardens, rocky places","A small tree with clusters of red berries, often linked with protection folklore.",Berries require cooking and careful preparation; raw berries not recommended,Traditional use in preserves; not medical advice,Raw berries can cause stomach upset,Native; valuable food for birds,Sorbus aucuparia,
common-reed,Common Reed,Phragmites australis,Flora,Wetland plant,Reedbed grass,Jul-Oct,"Reedbeds, lakeshores, marshes, canals, estuaries",Tall reed forming dense stands that shelter birds and insects.,Young shoots historically edible; expert-only,Traditional thatch and craft uses; not medicine,Wetland access can be dangerous; avoid disturbing nesting birds.,Common; important reedbed habitat,Phragmites australis,
reedmace-bulrush,Reedmace / Bulrush,Typha latifolia,Flora,Wetland plant,Marsh plant,Jun-Aug,"Ponds, marshes, ditches, lake margins",Tall wetland plant with brown sausage-shaped flower spikes.,Some parts edible with expertise; caution,Traditional craft/absorbent uses; not medical advice,Only forage with expert identification and clean water source.,Common in wetlands,Typha latifolia,
yellow-iris,Yellow Iris,Iris pseudacorus,Flora,Wetland plant,Reedbed flower,May-Jul,"Ponds, lakeshores, ditches, marshes, canals",Large yellow iris of wet places and pond margins.,Poisonous; not edible,No safe home medicinal use,Rhizomes and leaves can be toxic and irritating.,Common wetland plant,Iris pseudacorus,
marsh-marigold,Marsh Marigold,Caltha palustris,Flora,Wetland wildflower,Marsh plant,Mar-May,"Marshes, wet ditches, stream edges, wet woodland",Bright yellow spring wetland flower also called kingcup.,Not edible; irritant,No safe home medicinal use,Can irritate skin/mouth; avoid ingestion.,Common in wet habitats,Caltha palustris,
meadowsweet,Meadowsweet,Filipendula ulmaria,Flora,Wetland wildflower,Meadow and marsh herb,Jun-Sep,"Damp meadows, riverbanks, fens, ditches",Creamy frothy flowers with a sweet almond-like scent.,Caution; sometimes used as flavouring,Historically associated with salicylates and pain relief; not medical advice,"Avoid with aspirin sensitivity, blood-thinning medication, pregnancy, or ulcers unless medically advised",Common in suitable wet habitats,Filipendula ulmaria,
water-mint,Water Mint,Mentha aquatica,Flora,Wetland wildflower,Aromatic wetland herb,Jul-Oct,"Streams, ditches, marshes, wet meadows","Purple-flowered mint with strong scent, growing in wet places.",Leaves used as flavouring with caution,Traditional tea/flavouring; not medical advice,Avoid polluted water and medicinal use without advice.,Common in wetlands,Mentha aquatica,
bilberry,Bilberry / Fraughan,Vaccinium myrtillus,Flora,Wild edible plant,Upland berry,Flowers Apr-Jun; fruit Jul-Sep,"Heaths, bog edges, upland woodland, acidic soils","Low shrub with dark edible berries, traditionally gathered on uplands.",Ripe berries edible when confidently identified,Traditional food; high in pigments; not medical advice,Avoid confusion with unknown berries; wash and forage lightly,Local; sensitive to trampling and habitat change,Vaccinium myrtillus,
blackberry-bramble,Blackberry / Bramble,Rubus fruticosus agg.,Flora,Wild edible plant,Hedgerow fruit,Flowers May-Sep; fruit Aug-Oct,"Hedgerows, scrub, woodland edges, disturbed ground",A sprawling thorny plant producing blackberries and shelter for wildlife.,Ripe berries edible,Traditional food plant; leaves used in teas historically,Thorns; avoid mouldy berries and polluted sites,Very common; major wildlife habitat,Rubus fruticosus,
common-sorrel,Common Sorrel,Rumex acetosa,Flora,Wild edible plant,Meadow herb,May-Aug,"Grassland, meadows, verges, open places",Arrow-shaped leaves with a sharp lemony taste.,Edible in small amounts; caution,"Traditional food plant, not medicine","High oxalic acid; avoid large amounts, kidney problems, or gout risk",Common,Rumex acetosa,
dandelion,Dandelion,Taraxacum officinale agg.,Flora,Wild edible plant,Lawn and meadow flower,Mar-Oct,"Lawns, meadows, verges, disturbed ground",Bright yellow composite flower followed by clock-like seed heads.,"Edible; leaves, flowers and roots used when correctly identified",Traditional bitter herb; root used as coffee substitute; not medical advice,Avoid sprayed lawns and roadsides; latex may irritate,Very common and pollinator-friendly,Taraxacum officinale,
stinging-nettle,Stinging Nettle,Urtica dioica,Flora,Wild edible plant,Hedgerow herb,Mar-Oct,"Hedgerows, waste ground, gardens, nutrient-rich soils","A common plant with stinging hairs, important for butterflies and wildlife.",Young leaves edible after cooking or drying,Traditionally used as a spring tonic and for tea; not medical advice,Stings irritate skin; avoid older leaves and polluted sites,Common; valuable wildlife plant,Urtica dioica,
wild-garlic,Wild Garlic,Allium ursinum,Flora,Wild edible plant,Woodland herb,Mar-Jun,"Damp deciduous woodland, riverbanks, shaded lanes",A strong garlic-scented spring plant with white starry flowers.,Edible when confidently identified,Traditionally valued as a spring tonic; culinary herb rather than medicine,Can be dangerously confused with lily-of-the-valley or young arum if relying on leaves alone,Common locally; forage lightly and legally,Allium ursinum,
wood-sorrel,Wood Sorrel,Oxalis acetosella,Flora,Wild edible plant,Woodland herb,Apr-Jun,"Damp woodland, mossy banks, shaded places",Small clover-like leaves and delicate white flowers in shaded woods.,Edible in tiny amounts; caution,Traditional sharp flavouring; not medical advice,Contains oxalic acid; avoid large quantities,Common in old damp woodland,Oxalis acetosella,
ribwort-plantain,Ribwort Plantain,Plantago lanceolata,Flora,Wild plant,Grassland herb,Apr-Oct,"Lawns, meadows, paths, verges",Ribbed lance-shaped leaves and dark flower spikes; very common.,Young leaves edible but fibrous,Traditional poultice plant; not medical advice,Avoid polluted sites; check identity,Very common,Plantago lanceolata,
bird-s-foot-trefoil,Bird's-foot Trefoil,Lotus corniculatus,Flora,Wildflower,Legume,May-Sep,"Grassland, dunes, road verges, heaths",Yellow pea-flower important for common blue butterflies and bees.,Not a normal food plant,No home medicinal use recommended,Avoid eating wild legumes without expert knowledge.,Common; high pollinator value,Lotus corniculatus,
bluebell,Bluebell,Hyacinthoides non-scripta,Flora,Wildflower,Native woodland flower,Apr-May,"Ancient woodland, hedgerows, shaded banks",A spring flower carpeting Irish woodlands with violet-blue bells; a classic indicator of old woodland.,Not edible; toxic if eaten,"Historically present in folklore, not suitable for home medicine",All parts can be toxic; native bluebells should not be picked or dug up,Native; protected from uprooting in the wild; threatened by hybridisation with Spanish bluebell,Hyacinthoides non-scripta,
common-knapweed,Common Knapweed,Centaurea nigra,Flora,Wildflower,Meadow flower,Jun-Oct,"Meadows, verges, rough grassland","Purple thistle-like flower loved by bees, butterflies and hoverflies.",Not a regular food,No home medicinal use recommended,Leave seed heads for birds and insects.,Common; good pollinator plant,Centaurea nigra,
common-vetch,Common Vetch,Vicia sativa,Flora,Wildflower,Legume,May-Aug,"Hedgerows, rough grassland, field edges",Climbing pea-family plant with purple flowers and tendrils.,Not recommended as wild food,No home medicinal use,Pea-family seeds can be unsafe; avoid casual eating.,Common,Vicia sativa,
cow-parsley,Cow Parsley,Anthriscus sylvestris,Flora,Wildflower,Umbellifer,Apr-Jun,"Roadside verges, hedgerows, woodland edges",Frothy white spring umbellifer lining Irish roads and hedges.,Not recommended for eating by beginners,No home medicinal use recommended,Can be confused with deadly hemlock and other umbellifers.,Common,Anthriscus sylvestris,
cowslip,Cowslip,Primula veris,Flora,Wildflower,Grassland flower,Apr-Jun,"Old meadows, limestone grassland, road verges",Yellow nodding flowers in clusters; associated with species-rich unimproved grassland.,Caution; historically edible in small amounts,Traditional use for coughs and sleep; not medical advice,Can be confused with related plants; avoid medicinal use without expert advice,Local and declining where old meadows are lost,Primula veris,
creeping-buttercup,Creeping Buttercup,Ranunculus repens,Flora,Wildflower,Grassland flower,Apr-Aug,"Damp grassland, lawns, ditches, pasture",Glossy yellow buttercup common in damp grassy places.,Not edible; irritant,No safe home medicinal use,Fresh plant can irritate skin and mouth; toxic to grazing animals when fresh.,Common,Ranunculus repens,
creeping-thistle,Creeping Thistle,Cirsium arvense,Flora,Wildflower,Thistle,Jul-Sep,"Fields, verges, rough grassland, disturbed soil",Spreading thistle with purple flowers and windborne seeds.,Not a casual food,No home medicinal use recommended,Sharp spines; can be a problem weed in pasture.,Common; good for pollinators,Cirsium arvense,
cuckooflower,Cuckooflower / Lady's Smock,Cardamine pratensis,Flora,Wildflower,Damp meadow flower,Apr-Jun,"Damp meadows, ditches, marshy grassland",Pale lilac spring flower often appearing when cuckoos return.,Leaves and flowers edible with peppery taste when correctly identified,Traditional spring salad plant; not medical advice,Avoid polluted wet sites and protected meadows,Common locally; food plant for orange-tip butterfly,Cardamine pratensis,
daisy,Daisy,Bellis perennis,Flora,Wildflower,Grassland flower,"All year, strongest spring-autumn","Lawns, short grassland, paths",Small white-and-yellow flower familiar from lawns and short grass.,Flowers/leaves edible in small amounts; caution,Traditional minor wound/herb uses; not medical advice,Avoid sprayed lawns and polluted sites.,Very common,Bellis perennis,
eyebright,Eyebright,Euphrasia officinalis agg.,Flora,Wildflower,Grassland semi-parasite,Jun-Sep,"Short grassland, dunes, heaths, upland turf","Small white-and-purple flower, part of a difficult group of similar species.",Not edible,Traditional eye herb; not medical advice,Do not put wild preparations in eyes; infection risk.,"Common group, identification complex",Euphrasia officinalis agg.,
foxglove,Foxglove,Digitalis purpurea,Flora,Wildflower,Poisonous woodland flower,Jun-Sep,"Woodland clearings, banks, hedgerows, uplands","Tall spikes of purple tubular flowers, dramatic and beautiful.",Poisonous; not edible,Source plant for cardiac drugs under pharmaceutical control only,Deadly if ingested; never use as home medicine,Common; leave undisturbed,Digitalis purpurea,
herb-robert,Herb-Robert,Geranium robertianum,Flora,Wildflower,Woodland herb,Apr-Oct,"Walls, woodland, hedges, shaded banks",Small pink cranesbill with reddish stems and a strong scent.,Not generally eaten,Traditional wound herb; not medical advice,Avoid medicinal use without expertise.,Very common,Geranium robertianum,
oxeye-daisy,Oxeye Daisy,Leucanthemum vulgare,Flora,Wildflower,Meadow flower,May-Sep,"Meadows, verges, dunes, grassland",Large white daisy of meadows and road verges.,Caution; not a staple food,Traditional minor uses; not medical advice,Can trigger allergies in daisy-family sensitive people.,Common in suitable grassland,Leucanthemum vulgare,
primrose,Primrose,Primula vulgaris,Flora,Wildflower,Spring flower,Feb-May,"Hedgerows, woodland edges, grassy banks","One of the earliest Irish spring flowers, pale yellow with a deep yellow centre.","Flowers and leaves sometimes used historically, but forage cautiously",Traditional use in teas and salves; not medical advice,Avoid eating from roadsides or sprayed areas; allergies possible,Common but locally sensitive; leave wild plants undisturbed,Primula vulgaris,
ragwort,Ragwort,Jacobaea vulgaris,Flora,Wildflower,Toxic grassland plant,Jun-Nov,"Pastures, verges, waste ground","Yellow daisy-like flower, important for cinnabar moth but toxic to grazing animals.",Poisonous; not edible,No safe home medicinal use,"Toxic to livestock, especially in hay; do not ingest",Common; managed carefully near grazing,Jacobaea vulgaris,
red-campion,Red Campion,Silene dioica,Flora,Wildflower,Woodland edge flower,Apr-Sep,"Hedgerows, woodland edges, lanes, damp banks",Pink-red wildflower brightening hedges and woodland edges.,Not a food plant,No home medicinal use recommended,Avoid ingesting unless expertly advised.,Common,Silene dioica,
red-clover,Red Clover,Trifolium pratense,Flora,Wildflower,Meadow legume,May-Oct,"Meadows, verges, pastures, gardens",Pink-red clover flower loved by bees and bumblebees.,Flowers edible in small amounts; caution,Traditional tea plant; not medical advice,"Avoid medicinal use with hormone-sensitive conditions, pregnancy, or blood thinners unless advised",Common; pollinator-friendly,Trifolium pratense,
selfheal,Selfheal,Prunella vulgaris,Flora,Wildflower,Grassland herb,Jun-Sep,"Lawns, meadows, woodland rides, paths",Low purple flower of lawns and damp grassland.,Edible in small amounts; caution,Traditional wound and throat herb; not medical advice,Avoid using medicinally without advice.,Common,Prunella vulgaris,
spear-thistle,Spear Thistle,Cirsium vulgare,Flora,Wildflower,Thistle,Jul-Oct,"Grassland, disturbed ground, pasture, verges",Tall spiny thistle with purple flower heads loved by insects.,Not a casual food,No home medicinal use recommended,Sharp spines; handle carefully.,Common; valuable seed and nectar plant,Cirsium vulgare,
teasel,Teasel,Dipsacus fullonum,Flora,Wildflower,Tall seed-head plant,Jul-Sep; seed heads winter,"Rough grassland, verges, disturbed ground","Tall plant with prickly oval seed heads, attractive to goldfinches in winter.",Not edible,No home medicinal use recommended,Spiny; avoid handling roughly.,Local/common in disturbed habitats,Dipsacus fullonum,
tormentil,Tormentil,Potentilla erecta,Flora,Wildflower,Heath and grassland herb,May-Sep,"Heath, bog, rough grassland, woodland rides",Small yellow four-petalled flower of acidic grassland and heath.,Not a regular food,Traditional astringent root use; not medical advice,Avoid medicinal use without expertise.,Common,Potentilla erecta,
white-campion,White Campion,Silene latifolia,Flora,Wildflower,Hedgerow flower,May-Sep,"Hedgerows, verges, waste ground",White-flowered campion often scented in evening and visited by moths.,Not a food plant,No home medicinal use recommended,Do not ingest unless expertly advised.,Common,Silene latifolia,
wood-avens,Wood Avens,Geum urbanum,Flora,Wildflower,Woodland herb,May-Aug,"Woodland edges, hedges, shaded paths",Yellow flower with hooked seed heads that cling to clothing and fur.,Root historically used as clove-like flavouring; caution,Traditional digestive herb; not medical advice,Avoid medicinal use; gather only where permitted.,Common,Geum urbanum,
yarrow,Yarrow,Achillea millefolium,Flora,Wildflower,Grassland herb,Jun-Oct,"Grassland, verges, lawns, dry banks",Feathery leaves and flat white flower clusters; aromatic when crushed.,Caution; not a casual food,Traditional wound herb; not medical advice,"Avoid during pregnancy, with blood thinners, or allergies to daisy family.",Common,Achillea millefolium,
lords-and-ladies,Lords-and-Ladies / Cuckoo Pint,Arum maculatum,Flora,Woodland plant,Poisonous plant,Apr-Nov,"Hedgerows, woodland, shaded banks",Distinctive hooded spring flower followed by bright red berry spikes.,Poisonous; not edible,No safe home medicinal use,Berries and plant parts can severely irritate mouth and throat,Common in shaded habitats,Arum maculatum,
birch-polypore,Birch Polypore,Fomitopsis betulina,Fungi,Fungus,Bracket fungus,All year,Dead or dying birch trees,"Hoof-like bracket fungus on birch, important in wood decay.",Not generally eaten,Historic tinder and medicinal associations; not medical advice,Do not self-medicate; leave fungi to support woodland ecology.,Common where birch occurs,Fomitopsis betulina,
chanterelle,Chanterelle,Cantharellus cibarius,Fungi,Fungus,Edible mushroom - expert only,Jul-Oct,"Mossy woodland, often with birch/oak/conifers",Golden funnel-shaped mushroom prized by expert foragers.,Edible only with expert identification,Culinary mushroom; not medicine,Can be confused by beginners; never eat unless expertly confirmed.,Local in suitable woodland,Cantharellus cibarius,
death-cap,Death Cap,Amanita phalloides,Fungi,Fungus,Deadly mushroom,Jul-Nov,"Broadleaf woodland, especially with oak/beech",Greenish deadly Amanita mushroom responsible for severe poisonings.,Deadly poisonous; not edible,No safe medicinal use,Can be fatal if eaten; mushroom foraging requires expert verification.,Local but dangerous,Amanita phalloides,
field-mushroom,Field Mushroom,Agaricus campestris,Fungi,Fungus,Edible mushroom - expert only,Jul-Oct,"Unimproved grassland, pastures, meadows","White-gilled mushroom of grassland, related to shop mushrooms.",Edible only with expert identification,Culinary mushroom; not medicine,Dangerous confusion with poisonous white mushrooms possible.,Common but foraging requires expertise,Agaricus campestris,
fly-agaric,Fly Agaric,Amanita muscaria,Fungi,Fungus,Poisonous mushroom,Aug-Nov,"Birch, pine and mixed woodland","Iconic red mushroom with white spots, often associated with birch and pine.",Poisonous; not edible,No safe home medicinal use,Toxic and psychoactive; do not eat.,Widespread in suitable woodland,Amanita muscaria,
jelly-ear-fungus,Jelly Ear Fungus,Auricularia auricula-judae,Fungi,Fungus,Woodland fungus,All year,Dead elder and broadleaf wood,Brown ear-shaped jelly fungus often found on elder.,Edible by experts; not for beginners,Traditional food in some cultures; not medicine,Do not eat wild fungi without expert ID.,Common on elder,Auricularia auricula-judae,
